Time,Temperature,10 g X,Sound,Light,Pressure,Humidity,Comment
s,Â°C,g,dBA,lx,kPa,%RH,

0,13,3,-0,4,40,0,469,100,41,38,4,
0.96,13,3,-0,5,63,2,498,100,40,38,4,
1.92,13,3,-0,4,70,9,556,100,40,38,3,
2.88,13,3,-0,8,40,0,619,100,41,38,3,
3.84,13,3,-0,9,43,0,623,100,39,38,3,
4.8,13,3,-0,9,58,7,622,100,39,38,2,
5.76,13,3,-0,9,80,4,627,100,42,38,2,
6.72,13,3,-0,9,69,5,627,100,37,38,2,
7.68,13,3,-0,9,67,5,625,100,41,38,2,
8.64,13,3,-0,8,40,0,616,100,39,38,1,
9.6,13,3,-0,8,68,2,606,100,42,38,1,
10.56,13,3,-0,7,72,0,607,100,40,38,1,
11.52,13,3,-0,7,67,9,637,100,41,38,1,
12.48,13,3,-0,7,57,0,702,100,39,38,1,
13.44,13,3,-0,7,40,0,722,100,38,38,1,
14.4,13,3,-0,7,52,7,710,100,41,38,1,
15.36,13,3,-0,7,63,1,700,100,39,38,0,
16.32,13,3,-0,7,72,3,693,100,41,38,0,
17.28,13,3,-0,7,78,2,669,100,42,38,0,
18.24,13,3,-0,7,43,4,646,100,46,38,0,
19.2,13,3,-0,7,72,1,642,100,39,37,9,
20.16,13,3,-0,7,56,0,640,100,40,37,9,
21.12,13,3,-0,7,76,3,640,100,40,37,9,
22.08,13,3,-0,7,78,3,640,100,42,37,9,
23.04,13,3,-0,7,67,0,642,100,40,37,8,
24,13,3,-0,8,49,8,650,100,42,37,8,
24.96,13,3,-0,8,57,4,656,100,38,37,7,
25.92,13,3,-0,9,66,9,654,100,38,37,7,
26.88,13,3,-0,8,79,1,652,100,41,37,6,
27.84,13,3,-0,9,73,7,654,100,42,37,6,
28.8,13,3,-0,8,77,1,654,100,40,37,6,
29.76,13,3,-0,8,67,1,654,100,38,37,6,
30.72,13,3,-0,8,64,8,653,100,40,37,6,
31.68,13,3,-0,9,40,0,654,100,41,37,5,
32.64,13,3,-0,9,85,1,648,100,39,37,5,
33.6,13,3,-0,9,74,5,646,100,40,37,5,
34.56,13,3,-0,9,62,9,646,100,42,37,5,
35.52,13,3,-0,8,75,9,642,100,40,37,5,
36.48,13,3,-0,9,63,2,645,100,40,37,5,
37.44,13,3,-0,9,40,0,648,100,39,37,4,
38.4,13,3,-0,9,74,7,651,100,42,37,4,
39.36,13,3,-0,9,48,5,649,100,37,37,4,
40.32,13,3,-0,9,40,0,672,100,40,37,3,
41.28,13,3,-0,9,87,2,680,100,40,37,3,
42.24,13,3,-0,9,48,1,677,100,42,37,2,
43.2,13,3,-0,9,75,9,677,100,40,37,1,
44.16,13,3,-0,9,74,2,672,100,44,37,1,
45.12,13,3,-0,9,80,3,668,100,42,37,1,
46.08,13,3,-0,9,71,9,668,100,37,37,0,
47.04,13,3,-0,9,44,4,668,100,39,37,1,
48,13,3,-0,9,62,2,425,100,40,37,1,
48.96,13,3,-0,9,44,9,67,100,42,37,1,
49.92,13,3,-0,9,40,0,17,100,40,37,1,
50.88,13,3,-0,9,64,7,9,100,38,37,1,
51.84,13,3,-0,9,40,0,7,100,40,37,2,
52.8,13,3,-0,9,77,2,6,100,43,37,2,
53.76,13,3,-0,9,41,1,6,100,39,37,2,
54.72,13,3,-0,9,56,5,6,100,39,37,2,
55.68,13,3,-1,0,75,9,6,100,37,37,2,
56.64,13,3,-1,1,76,8,6,100,40,37,2,
57.6,13,3,0,0,76,7,5,100,39,37,2,
58.56,13,3,0,0,45,4,5,100,39,37,3,
59.52,13,3,0,0,83,8,4,100,40,37,3,
60.48,13,3,0,0,62,2,4,100,40,37,3,
61.44,13,3,0,0,80,1,3,100,40,37,2,
62.4,13,3,0,0,79,1,4,100,40,37,2,
63.36,13,3,0,0,53,3,3,100,42,37,2,
64.32,13,3,0,0,67,3,3,100,40,37,2,
65.28,13,3,0,0,84,1,3,100,39,37,1,
66.24,13,3,0,0,71,2,3,100,38,37,1,
67.2,13,3,0,0,80,7,4,100,43,37,1,
68.16,13,3,0,0,84,3,4,100,41,37,1,
69.12,13,3,0,0,74,6,4,100,37,37,1,
70.08,13,3,0,0,66,0,4,100,37,37,1,
71.04,13,3,0,0,72,8,4,100,36,37,1,
72,13,3,0,0,77,5,4,100,37,37,1,
72.96,13,3,0,0,80,2,4,100,39,37,1,
73.92,13,3,0,0,68,1,4,100,40,37,2,
74.88,13,3,0,0,66,2,4,100,39,37,2,
75.84,13,3,0,0,70,0,5,100,40,37,2,
76.8,13,3,0,0,61,9,4,100,40,37,2,
77.76,13,3,0,0,71,1,5,100,43,37,3,
78.72,13,3,0,0,40,0,5,100,39,37,3,
79.68,13,3,0,0,63,8,5,100,36,37,3,
80.64,13,3,-0,9,53,0,499,100,38,37,3,
81.6,13,3,-0,8,75,9,716,100,38,37,3,
82.56,13,3,-1,1,76,2,755,100,40,37,3,
83.52,13,3,-0,6,73,1,763,100,40,37,3,
84.48,13,3,-0,2,44,9,768,100,38,37,3,
85.44,13,3,0,0,40,0,774,100,41,37,2,
86.4,13,3,-0,7,40,0,773,100,40,37,2,
87.36,13,3,-0,5,40,0,770,100,40,37,2,
88.32,13,3,-0,3,51,1,766,100,41,37,2,
89.28,13,3,0,0,74,5,763,100,39,37,1,
90.24,13,3,0,1,65,6,766,100,37,37,1,
91.2,13,3,-0,1,66,3,761,100,36,37,1,
92.16,13,3,-0,1,69,6,753,100,39,37,1,
93.12,13,3,-0,1,70,4,749,100,40,37,1,
94.08,13,3,-0,1,66,5,750,100,42,37,1,
95.04,13,3,-0,9,40,0,751,100,44,37,0,
96,13,3,-0,8,74,3,753,100,38,37,0,
96.96,13,3,-1,1,74,5,752,100,40,37,0,
97.92,13,3,-0,1,58,7,753,100,38,37,0,
98.88,13,3,0,1,72,8,753,100,40,37,0,
99.84,13,3,0,2,65,1,751,100,41,37,0,
100.8,13,3,0,2,61,2,752,100,40,37,0,
101.76,13,3,0,2,45,2,758,100,40,36,9,
102.72,13,3,0,2,76,5,761,100,40,36,9,
103.68,13,3,0,0,73,9,760,100,41,36,9,
104.64,13,3,0,1,64,8,759,100,39,36,9,
105.6,13,3,0,1,50,0,760,100,40,36,9,
106.56,13,3,0,1,48,7,758,100,38,36,8,
107.52,13,3,0,1,66,6,772,100,40,36,8,
108.48,13,3,0,1,49,7,796,100,42,36,8,
109.44,13,3,0,1,66,1,794,100,42,36,8,
110.4,13,3,0,1,65,9,786,100,45,36,7,
111.36,13,3,0,1,60,2,775,100,38,36,7,
112.32,13,3,0,1,44,1,767,100,40,36,7,
113.28,13,3,0,1,40,0,763,100,37,36,7,
114.24,13,3,0,1,40,0,781,100,41,36,7,
115.2,13,3,0,1,40,0,787,100,41,36,6,
116.16,13,3,0,2,80,4,791,100,38,36,6,
117.12,13,4,-0,3,78,9,776,100,40,36,6,
118.08,13,3,-0,2,54,3,551,100,40,36,6,
119.04,13,4,0,0,60,4,570,100,42,36,6,
120,13,3,0,0,57,0,672,100,39,36,5,
120.96,13,4,0,0,45,1,616,100,39,36,5,
121.92,13,4,0,0,76,2,533,100,42,36,5,
122.88,13,4,0,0,40,0,523,100,39,36,5,
123.84,13,4,0,0,80,3,527,100,38,36,5,
124.8,13,4,0,0,58,5,647,100,40,36,5,
125.76,13,4,0,0,42,7,695,100,42,36,4,
126.72,13,3,0,0,43,8,726,100,42,36,5,
127.68,13,3,0,0,40,0,766,100,39,36,4,
128.64,13,3,0,0,69,0,752,100,40,36,4,
129.6,13,3,0,0,78,3,708,100,38,36,4,
130.56,13,4,0,0,59,6,713,100,35,36,4,
131.52,13,4,0,0,46,3,706,100,41,36,4,
132.48,13,5,0,0,41,2,699,100,40,36,4,
133.44,13,5,0,0,75,5,671,100,41,36,4,
134.4,13,7,0,0,68,8,605,100,41,36,4,
135.36,13,8,0,0,49,7,598,100,39,36,4,
136.32,13,9,0,0,40,0,597,100,39,36,3,
137.28,14,1,0,0,40,0,598,100,40,36,3,
138.24,14,2,0,0,61,3,598,100,41,36,3,
139.2,14,3,0,0,67,7,598,100,39,36,3,
140.16,14,4,0,0,71,1,585,100,40,36,3,
141.12,14,6,0,0,59,2,640,100,37,36,3,
142.08,14,7,0,0,40,0,740,100,38,36,2,
143.04,14,8,0,0,68,3,735,100,42,36,1,
144,14,9,0,0,40,0,727,100,40,36,1,
144.96,15,0,0,0,68,9,727,100,38,36,0,
145.92,15,1,0,0,40,0,725,100,38,36,0,
146.88,15,3,0,0,73,5,721,100,39,36,0,
147.84,15,4,0,0,76,6,725,100,37,36,0,
148.8,15,5,0,0,77,0,733,100,38,36,0,
149.76,15,6,0,0,73,0,719,100,39,36,0,
150.72,15,7,0,1,80,5,702,100,39,36,0,
151.68,15,8,0,0,47,3,696,100,39,36,0,
152.64,15,9,0,0,69,9,697,100,44,36,0,
153.6,16,0,0,0,76,5,696,100,37,36,0,
154.56,16,1,0,0,40,0,695,100,42,36,0,
155.52,16,2,0,0,65,3,691,100,42,36,0,
156.48,16,2,0,0,77,7,682,100,40,36,0,
157.44,16,3,0,0,68,3,719,100,40,36,1,
158.4,16,4,0,0,83,7,738,100,41,36,1,
159.36,16,5,0,0,76,6,730,100,41,36,1,
160.32,16,6,0,1,83,9,255,100,36,36,1,
161.28,16,7,0,1,40,0,248,100,38,36,1,
162.24,16,8,0,0,66,5,623,100,41,36,1,
163.2,16,9,0,1,61,2,679,100,41,36,1,
164.16,16,9,0,0,68,3,621,100,40,36,1,
165.12,17,0,0,0,67,8,93,100,41,36,1,
166.08,17,1,0,0,50,6,19,100,41,36,0,
167.04,17,1,0,1,56,1,10,100,41,36,0,
168,17,2,0,0,40,0,8,100,38,36,0,
168.96,17,3,0,0,40,3,8,100,39,36,0,
169.92,17,4,0,0,78,9,8,100,42,36,0,
170.88,17,4,0,0,69,6,8,100,41,36,0,
171.84,17,5,0,0,40,0,8,100,37,36,0,
172.8,17,6,0,0,63,9,536,100,39,36,0,
173.76,17,6,0,0,51,9,686,100,38,36,0,
174.72,17,7,0,0,84,4,709,100,43,36,0,
175.68,17,7,0,0,59,0,713,100,39,36,0,
176.64,17,8,0,0,65,6,701,100,40,36,0,
177.6,17,9,0,0,48,3,669,100,38,36,0,
178.56,17,9,0,0,64,8,563,100,40,36,0,
179.52,18,0,0,0,88,3,471,100,39,36,0,
180.48,18,0,0,0,68,0,436,100,40,36,1,
181.44,18,1,0,0,57,6,424,100,40,40,5,
182.4,18,1,0,0,53,7,407,100,40,48,3,
183.36,18,2,0,0,66,7,399,100,41,56,4,
184.32,18,2,0,0,66,1,586,100,39,64,2,
185.28,18,3,0,0,62,3,401,100,40,67,9,
186.24,18,3,0,0,56,6,420,100,38,68,7,
187.2,18,4,0,0,57,2,611,100,40,67,9,
188.16,18,4,0,0,68,3,602,100,41,66,1,
189.12,18,5,0,0,40,0,575,100,39,64,2,
190.08,18,5,0,0,78,4,208,100,36,62,6,
191.04,18,6,0,0,70,2,152,100,42,61,2,
192,18,6,0,0,40,0,368,100,40,60,0,
192.96,18,7,0,0,40,0,406,100,41,59,1,
193.92,18,7,0,1,67,4,387,100,41,58,2,
194.88,18,7,0,0,69,5,318,100,39,57,5,
195.84,18,8,0,1,54,5,420,100,40,56,9,
196.8,18,8,-0,8,69,0,522,100,39,56,4,
197.76,18,9,-1,0,65,0,624,100,41,56,0,
198.72,18,9,-2,2,45,9,633,100,39,55,7,
199.68,19,0,-0,7,40,0,631,100,43,55,3,
200.64,19,0,-0,8,52,4,630,100,41,55,0,
201.6,19,1,-0,7,77,4,620,100,42,54,7,
202.56,19,1,-0,4,45,4,591,100,38,54,4,
203.52,19,1,-0,2,61,2,193,100,40,54,1,
204.48,19,2,-0,4,73,7,129,100,37,53,8,
205.44,19,2,-0,9,53,0,461,100,40,53,6,
206.4,19,3,-0,9,40,0,607,100,40,53,4,
207.36,19,3,-0,8,71,0,624,100,41,53,2,
208.32,19,4,-0,9,40,0,635,100,40,53,0,
209.28,19,4,0,2,44,9,640,100,39,52,8,
210.24,19,4,-0,2,40,0,642,100,37,52,7,
211.2,19,5,-0,4,67,4,649,100,42,52,5,
212.16,19,5,-0,6,57,3,658,100,38,52,3,
213.12,19,5,-0,9,53,9,664,100,41,52,2,
214.08,19,6,0,1,40,0,671,100,41,52,0,
215.04,19,6,-0,9,51,6,673,100,40,51,8,
216,19,6,-1,0,40,0,670,100,40,51,7,
216.96,19,7,-1,0,54,9,669,100,42,51,5,
217.92,19,7,-0,8,40,0,640,100,39,51,4,
218.88,19,7,-0,7,69,4,631,100,39,51,3,
219.84,19,8,-0,9,66,2,633,100,40,51,2,
220.8,19,8,-0,7,40,0,632,100,42,51,1,
221.76,19,8,0,0,41,3,633,100,39,50,9,
222.72,19,9,0,0,42,7,632,100,43,50,8,
223.68,19,9,0,0,40,0,632,100,44,50,6,
224.64,19,9,0,0,48,8,639,100,42,50,5,
225.6,20,0,0,0,40,0,646,100,38,50,3,
226.56,20,0,0,0,40,0,645,100,39,50,2,
227.52,20,0,0,0,49,5,643,100,40,50,1,
228.48,20,0,0,0,40,0,641,100,40,50,0,
229.44,20,1,0,0,48,6,651,100,39,49,9,
230.4,20,1,0,0,45,1,660,100,40,49,7,
231.36,20,1,0,0,89,8,611,100,43,49,6,
232.32,20,1,0,1,80,0,595,100,41,49,5,
233.28,20,2,0,0,40,9,570,100,41,49,4,
234.24,20,2,0,0,75,9,554,100,41,49,4,
235.2,20,2,0,0,58,5,548,100,40,49,3,
236.16,20,2,0,0,60,9,553,100,41,49,2,
237.12,20,3,0,0,72,2,564,100,39,49,1,
238.08,20,3,0,0,41,4,588,100,39,49,0,
239.04,20,3,0,0,78,1,594,100,42,48,8,
240,20,3,0,0,57,1,596,100,40,48,7,
240.96,20,3,0,0,77,2,595,100,40,48,6,
241.92,20,4,0,0,73,6,591,100,42,48,4,
242.88,20,4,0,0,54,2,588,100,42,48,3,
243.84,20,4,0,1,65,2,588,100,43,48,1,
244.8,20,4,0,0,51,6,575,100,39,48,0,
245.76,20,5,0,0,70,8,596,100,37,47,9,
246.72,20,5,0,0,62,4,607,100,40,47,8,
247.68,20,5,0,0,41,4,642,100,38,47,7,
248.64,20,5,0,0,46,3,636,100,37,47,6,
249.6,20,5,0,0,74,0,631,100,44,47,5,
250.56,20,5,0,1,73,0,627,100,40,47,4,
251.52,20,6,0,0,57,8,612,100,41,47,3,
252.48,20,6,0,0,77,5,603,100,40,47,2,
253.44,20,6,0,0,68,9,565,100,43,47,0,
254.4,20,6,0,0,79,2,555,100,38,46,9,
255.36,20,6,0,0,68,6,558,100,39,46,7,
256.32,20,6,0,0,68,6,570,100,42,46,6,
257.28,20,6,0,0,40,0,588,100,42,46,4,
258.24,20,7,0,0,40,8,600,100,44,46,3,
259.2,20,7,0,1,71,9,587,100,39,46,2,
260.16,20,7,0,0,40,0,570,100,42,46,1,
261.12,20,7,0,0,40,0,577,100,41,46,0,
262.08,20,7,0,1,80,3,576,100,43,45,9,
263.04,20,7,0,0,40,0,578,100,39,45,8,
264,20,7,0,1,70,0,586,100,40,45,7,
264.96,20,7,0,0,76,7,407,100,40,45,6,
265.92,20,7,0,1,56,0,594,100,41,45,5,
266.88,20,8,0,0,88,9,566,100,37,45,4,
267.84,20,8,0,0,95,3,484,100,41,45,6,
268.8,20,8,0,1,86,4,340,100,39,46,2,
269.76,20,8,0,0,102,4,435,100,40,46,6,
270.72,20,8,0,0,55,7,453,100,39,46,8,
271.68,20,8,0,1,75,5,495,100,39,48,4,
272.64,20,9,0,0,67,0,607,100,42,49,7,
273.6,20,9,0,0,70,7,720,100,40,50,5,
274.56,20,9,0,0,73,6,801,100,36,51,1,
275.52,20,9,0,0,84,7,751,100,43,51,4,
276.48,20,9,0,0,89,3,637,100,40,51,5,
277.44,20,9,0,0,40,1,586,100,41,51,5,
278.4,20,9,0,1,44,2,549,100,39,51,3,
279.36,20,9,0,0,72,8,532,100,40,51,2,
280.32,20,9,0,0,60,2,527,100,40,50,9,
281.28,21,0,0,0,40,0,614,100,40,50,7,
282.24,21,0,0,0,40,0,602,100,41,50,5,
283.2,21,0,0,1,40,0,616,100,40,50,2,
284.16,21,0,0,0,40,0,681,100,39,50,0,
285.12,21,0,0,0,40,0,709,100,40,49,8,
286.08,21,0,0,0,40,0,728,100,38,49,6,
287.04,21,0,0,1,40,0,762,100,44,49,4,
288,21,1,0,0,40,0,762,100,38,49,3,
288.96,21,1,0,0,84,0,754,100,38,49,1,
289.92,21,1,0,0,55,3,726,100,41,48,9,
290.88,21,1,0,0,75,2,719,100,36,48,7,
291.84,21,1,0,0,73,5,726,100,39,48,5,
292.8,21,1,0,0,59,0,727,100,37,48,3,
293.76,21,1,0,1,55,1,718,100,40,48,1,
294.72,21,1,0,0,76,2,694,100,40,47,8,
295.68,21,1,0,1,61,5,693,100,41,47,6,
296.64,21,1,0,1,40,0,706,100,40,47,4,
297.6,21,2,0,0,40,0,714,100,38,47,3,
298.56,21,2,0,0,40,0,710,100,43,47,1,
299.52,21,2,0,0,40,0,723,100,40,46,9,
300.48,21,2,0,0,68,4,715,100,39,46,8,
301.44,21,2,0,0,40,0,769,100,36,46,6,
302.4,21,2,0,0,40,0,710,100,39,46,5,
303.36,21,2,0,0,40,0,902,100,43,46,3,
304.32,21,2,0,0,51,3,688,100,39,46,2,
305.28,21,2,0,0,83,6,432,100,38,46,1,
306.24,21,3,0,0,86,4,281,100,39,46,0,
307.2,21,3,0,0,87,1,176,100,41,45,8,
308.16,21,3,0,0,86,3,200,100,36,45,7,
309.12,21,3,0,0,86,6,219,100,39,45,6,
310.08,21,3,0,0,86,6,219,100,40,45,5,
311.04,21,3,0,0,86,9,224,100,37,45,3,
312,21,3,0,0,89,8,175,100,42,45,2,
312.96,21,3,0,0,94,1,176,100,41,45,1,
313.92,21,3,0,1,94,7,188,100,38,45,0,
314.88,21,3,0,0,90,4,189,100,40,44,9,
315.84,21,3,0,1,82,4,189,100,40,44,7,
316.8,21,3,0,0,86,4,193,100,40,44,6,
317.76,21,3,0,0,94,6,202,100,40,44,4,
318.72,21,3,0,0,94,3,191,100,39,44,3,
319.68,21,3,0,0,93,4,160,100,39,44,2,
320.64,21,4,0,0,86,2,170,100,38,44,1,
321.6,21,4,0,0,74,0,415,100,38,44,0,
322.56,21,4,0,1,40,7,840,100,41,44,0,
323.52,21,4,0,0,67,7,887,100,41,43,9,
324.48,21,4,0,0,41,5,809,100,41,43,9,
325.44,21,4,0,0,40,0,909,100,40,43,9,
326.4,21,4,0,1,69,3,914,100,41,43,8,
327.36,21,4,0,1,69,6,908,100,40,43,8,
328.32,21,4,0,1,76,3,914,100,40,43,7,
329.28,21,4,0,1,73,8,672,100,41,43,6,
330.24,21,4,0,1,68,1,670,100,37,43,5,
331.2,21,4,0,0,78,1,648,100,40,43,5,
332.16,21,4,0,0,80,3,672,100,38,43,4,
333.12,21,4,0,0,81,8,599,100,40,43,4,
334.08,21,4,0,0,70,5,437,100,42,43,3,
335.04,21,4,0,0,78,2,419,100,41,43,3,
336,21,4,0,1,70,9,382,100,39,43,3,
336.96,21,4,0,1,71,8,385,100,39,43,2,
337.92,21,4,0,0,67,6,395,100,40,43,2,
338.88,21,4,0,1,66,7,410,100,41,43,1,
339.84,21,4,0,0,71,3,391,100,39,43,1,
340.8,21,4,0,1,45,2,385,100,39,43,0,
341.76,21,5,0,0,73,3,418,100,40,43,0,
342.72,21,5,0,1,66,7,432,100,41,42,9,
343.68,21,5,0,0,83,4,436,100,40,42,8,
344.64,21,5,0,0,76,2,434,100,38,42,8,
345.6,21,5,0,1,58,8,437,100,40,42,7,
346.56,21,5,0,0,74,5,440,100,34,42,7,
347.52,21,5,0,0,80,8,451,100,37,42,6,
348.48,21,5,0,0,62,2,469,100,40,42,6,
349.44,21,5,0,0,48,5,666,100,38,42,5,
350.4,21,5,0,0,77,4,713,100,40,42,5,
351.36,21,5,0,0,87,1,701,100,40,42,4,
352.32,21,5,0,0,40,0,682,100,38,42,4,
353.28,21,5,0,0,83,7,677,100,38,42,3,
354.24,21,5,0,0,81,9,674,100,39,42,3,
355.2,21,5,0,0,44,4,637,100,40,42,2,
356.16,21,5,0,0,75,7,560,100,40,42,2,
357.12,21,5,0,1,77,7,556,100,37,42,1,
358.08,21,5,0,1,68,4,591,100,40,42,0,
359.04,21,5,0,0,40,0,629,100,35,42,0,
360,21,5,0,0,63,8,746,100,38,41,9,
360.96,21,5,0,0,80,4,810,100,42,41,9,
361.92,21,5,0,0,84,2,838,100,39,41,8,
362.88,21,5,0,0,83,8,804,100,38,41,8,
363.84,21,5,0,0,71,1,788,100,38,41,7,
364.8,21,5,0,0,40,4,790,100,38,41,7,
365.76,21,5,0,1,40,0,767,100,38,41,6,
366.72,21,5,0,1,48,0,747,100,37,41,6,
367.68,21,5,0,0,40,0,752,100,40,41,5,
368.64,21,5,0,0,80,5,762,100,41,41,5,
369.6,21,5,0,1,67,1,769,100,39,41,5,
370.56,21,5,0,0,44,9,767,100,41,41,4,
371.52,21,5,0,1,74,9,765,100,38,41,3,
372.48,21,5,0,0,40,0,734,100,38,41,3,
373.44,21,5,0,1,40,0,728,100,37,41,2,
374.4,21,5,0,0,40,0,751,100,38,41,2,
375.36,21,5,0,1,56,2,800,100,38,41,1,
376.32,21,5,0,1,72,8,754,100,39,41,1,
377.28,21,5,0,0,83,3,733,100,42,41,0,
378.24,21,5,0,0,73,9,742,100,39,40,9,
379.2,21,5,0,0,69,4,739,100,39,40,9,
380.16,21,5,0,1,67,2,764,100,41,40,8,
381.12,21,5,0,0,56,9,726,100,38,40,8,
382.08,21,5,0,1,66,6,753,100,40,40,7,
383.04,21,5,0,0,72,7,804,100,41,40,7,
384,21,5,0,0,84,8,807,100,39,40,6,
384.96,21,6,0,0,69,0,809,100,41,40,6,
385.92,21,6,0,1,65,6,788,100,39,40,5,
386.88,21,6,0,0,71,7,952,100,41,40,5,
387.84,21,6,0,0,71,2,1000,100,39,40,4,
388.8,21,6,0,0,74,1,1000,100,40,40,4,
389.76,21,6,0,1,60,6,1000,100,40,40,4,
390.72,21,6,0,0,52,4,1000,100,37,40,4,
391.68,21,6,0,1,71,1,1000,100,39,40,4,
392.64,21,6,0,0,78,8,1000,100,39,40,4,
393.6,21,6,0,0,40,0,1000,100,39,40,3,
394.56,21,6,0,1,63,8,1000,100,41,40,3,
395.52,21,6,0,0,86,4,1000,100,42,40,3,
396.48,21,6,0,0,64,8,1000,100,38,40,3,
397.44,21,6,0,0,40,0,1000,100,38,40,2,
398.4,21,6,0,0,88,6,1000,100,38,40,2,
399.36,21,6,0,0,75,9,1000,100,40,40,1,
400.32,21,6,0,0,66,0,1000,100,38,40,0,
401.28,21,6,0,0,40,0,1000,100,38,40,0,
402.24,21,6,0,1,64,0,1000,100,42,40,0,
403.2,21,6,0,1,55,8,1000,100,41,40,0,
404.16,21,6,0,0,82,9,1000,100,41,39,9,
405.12,21,6,0,1,61,7,1000,100,39,39,9,
406.08,21,7,0,0,66,0,1000,100,40,39,8,
407.04,21,7,0,1,40,0,1000,100,42,39,8,
408,21,7,0,0,65,3,436,100,40,39,7,
408.96,21,7,0,1,59,3,94,100,35,39,7,
409.92,21,7,0,0,53,5,38,100,39,39,6,
410.88,21,7,0,0,81,5,29,100,43,39,6,
411.84,21,7,0,0,78,4,27,100,39,39,6,
412.8,21,7,0,0,40,0,28,100,41,39,5,
413.76,21,7,0,0,54,5,28,100,37,39,5,
414.72,21,7,0,1,60,2,27,100,40,39,5,
415.68,21,7,0,0,74,4,27,100,39,39,5,
416.64,21,7,0,0,49,0,1000,100,37,39,5,
417.6,21,7,0,0,64,4,1000,100,39,39,5,
418.56,21,7,0,0,40,0,1000,100,39,39,5,
419.52,21,7,0,1,74,3,1000,100,46,39,5,
420.48,21,7,0,0,68,4,1000,100,39,39,5,
421.44,21,7,0,0,70,4,1000,100,37,39,5,
422.4,21,7,0,1,68,9,214,100,41,39,5,
423.36,21,7,0,0,50,9,52,100,40,39,5,
424.32,21,8,0,0,64,5,26,100,38,39,4,
425.28,21,8,0,0,63,4,21,100,40,39,4,
426.24,21,8,0,0,65,6,21,100,39,39,4,
427.2,21,8,0,0,49,4,21,100,37,39,4,
428.16,21,8,0,0,40,0,24,100,39,39,4,
429.12,21,8,0,0,40,0,28,100,41,39,4,
430.08,21,8,0,0,80,2,22,100,40,39,4,
431.04,21,8,0,0,74,9,17,100,38,39,4,
432,21,8,-0,2,75,5,13,100,40,39,4,
432.96,21,8,-0,1,61,9,12,100,37,39,4,
433.92,21,8,-0,1,67,5,11,100,36,39,4,
434.88,21,8,-0,1,57,9,12,100,40,39,3,
435.84,21,8,-0,1,40,0,12,100,38,39,3,
436.8,21,8,-0,1,40,0,6,100,37,39,3,
437.76,21,8,-0,1,44,7,6,100,40,39,3,
438.72,21,8,-0,1,55,2,6,100,37,39,3,
439.68,21,8,-0,1,60,0,6,100,37,39,2,
440.64,21,8,-0,1,40,0,9,100,41,39,2,
441.6,21,8,-0,1,65,7,11,100,39,39,2,
442.56,21,8,-0,1,69,2,11,100,42,39,2,
443.52,21,8,-0,1,76,0,10,100,39,39,3,
444.48,21,8,-0,1,70,8,7,100,41,39,4,
445.44,21,8,-0,1,60,2,7,100,37,39,5,
446.4,21,8,-0,1,69,0,8,100,38,39,6,
447.36,21,8,-0,1,58,3,11,100,36,39,8,
448.32,21,8,-0,1,68,3,13,100,40,39,9,
449.28,21,8,-0,2,66,8,24,100,39,40,0,
450.24,21,8,-0,3,74,3,18,100,39,40,2,
451.2,21,8,0,0,61,5,149,100,38,40,3,
452.16,21,8,0,0,52,5,177,100,40,40,5,
453.12,21,8,0,0,66,5,182,100,42,40,6,
454.08,21,8,0,0,40,0,182,100,40,40,6,
455.04,21,8,0,0,68,0,182,100,41,40,7,
456,21,7,0,0,69,8,183,100,38,40,6,
456.96,21,8,0,0,80,0,182,100,38,40,6,
457.92,21,8,0,0,53,5,181,100,36,40,6,
458.88,21,7,0,0,69,9,183,100,39,40,5,
459.84,21,8,0,1,61,3,1000,100,37,40,4,
460.8,21,8,0,1,40,0,1000,100,39,40,3,
461.76,21,7,0,1,40,0,1000,100,37,40,2,
462.72,21,7,0,1,40,0,1000,100,38,40,0,
463.68,21,7,0,1,62,8,1000,100,39,39,9,
464.64,21,8,0,0,68,4,1000,100,39,39,8,
465.6,21,7,0,1,40,3,1000,100,41,39,7,
466.56,21,7,-1,1,55,1,1000,100,41,39,7,
467.52,21,8,-0,9,59,5,1000,100,42,39,6,
468.48,21,7,-0,8,62,0,1000,100,38,39,6,
469.44,21,7,-0,8,60,1,1000,100,41,39,5,
470.4,21,7,-1,0,40,0,1000,100,36,39,4,
471.36,21,7,-1,0,40,0,1000,100,37,39,4,
472.32,21,8,-1,6,40,0,1000,100,36,39,3,
473.28,21,8,-4,5,40,0,1000,100,38,39,3,
474.24,21,8,-8,1,58,4,1000,100,41,39,2,
475.2,21,8,-8,3,44,1,1000,100,37,39,2,
476.16,21,8,-8,3,49,1,1000,100,38,39,1,
477.12,21,8,-8,3,55,5,1000,100,36,39,1,
478.08,21,8,-0,7,40,0,1000,100,41,39,0,
479.04,21,8,-1,7,40,0,1000,100,38,39,0,
480,21,8,-1,8,51,7,1000,100,38,39,0,
480.96,21,8,-1,0,46,7,1000,100,38,38,9,
481.92,21,8,-0,7,40,0,1000,100,41,38,9,
482.88,21,8,-3,7,61,9,1000,100,37,38,9,
483.84,21,9,-8,3,53,6,1000,100,39,38,9,
484.8,21,9,-7,8,64,8,1000,100,40,38,8,
485.76,21,9,-8,1,65,3,1000,100,37,38,8,
486.72,21,9,-8,2,57,6,1000,100,39,38,8,
487.68,21,9,-3,7,59,0,1000,100,40,38,7,
488.64,21,9,-2,0,62,1,1000,100,41,38,7,
489.6,21,9,-0,7,51,6,1000,100,39,38,6,
490.56,21,9,-1,1,58,9,1000,100,43,38,6,
491.52,21,9,-2,8,62,2,1000,100,39,38,5,
492.48,21,9,-5,7,54,3,1000,100,40,38,5,
493.44,21,9,-8,4,48,4,1000,100,40,38,4,
494.4,21,9,-8,3,51,8,1000,100,37,38,4,
495.36,21,9,-8,3,56,7,1000,100,34,38,3,
496.32,21,9,-2,9,40,0,1000,100,37,38,3,
497.28,21,9,-2,2,49,1,1000,100,38,38,3,
498.24,21,9,-0,8,45,2,1000,100,39,38,2,
499.2,21,9,-1,0,48,5,1000,100,40,38,2,
500.16,21,9,-0,7,40,1,1000,100,38,38,2,
501.12,21,9,-0,1,63,8,1000,100,37,38,2,
502.08,21,9,0,0,40,0,1000,100,37,38,1,
503.04,21,9,0,0,54,1,1000,100,38,38,1,
504,21,9,0,0,40,0,1000,100,38,38,1,
504.96,21,9,0,0,40,0,1000,100,37,38,1,
505.92,21,9,0,0,72,8,1000,100,39,38,0,
506.88,21,9,-0,1,72,2,1000,100,38,38,0,
507.84,21,9,0,0,66,3,1000,100,37,38,0,
508.8,21,9,0,0,55,9,1000,100,38,37,9,
509.76,21,9,0,0,48,0,1000,100,40,37,9,
510.72,21,9,0,0,71,0,1000,100,40,37,9,
511.68,21,9,-0,1,51,2,1000,100,34,37,8,
512.64,21,9,-0,2,61,3,1000,100,40,37,8,
513.6,21,9,-0,3,40,0,1000,100,38,37,8,
514.56,21,9,-0,3,74,4,1000,100,42,37,8,
515.52,21,9,-0,2,70,2,1000,100,38,37,8,
516.48,21,9,-0,5,69,2,1000,100,38,37,7,
517.44,21,9,-0,1,71,4,1000,100,39,37,7,
518.4,21,8,0,0,60,4,1000,100,39,37,7,
519.36,21,7,0,0,54,5,1000,100,36,37,6,
520.32,21,5,0,0,40,0,1000,100,36,37,6,
521.28,21,4,0,0,65,5,1000,100,40,37,6,
522.24,21,3,0,0,40,0,1000,100,37,37,6,
523.2,21,1,0,0,76,6,1000,100,36,37,5,
524.16,21,0,0,1,69,1,1000,100,37,37,5,
525.12,20,8,0,1,40,0,1000,100,35,37,5,
526.08,20,7,-0,1,74,4,1000,100,37,37,5,
527.04,20,5,0,1,73,0,1000,100,41,37,4,
528,20,4,0,1,55,6,1000,100,38,37,4,
528.96,20,2,-0,3,76,2,1000,100,38,37,4,
529.92,20,1,-0,3,69,2,1000,100,37,37,4,
530.88,19,9,-0,5,40,0,1000,100,39,37,4,
531.84,19,8,-0,5,71,3,1000,100,39,37,4,
532.8,19,6,-0,4,76,2,1000,100,43,37,4,
533.76,19,5,-0,4,46,3,1000,100,37,37,4,
534.72,19,4,-0,4,68,6,1000,100,41,37,4,
535.68,19,2,-0,4,82,2,1000,100,40,37,4,
536.64,19,1,-0,6,40,0,1000,100,38,37,3,
537.6,19,0,-0,5,66,1,1000,100,39,37,3,
538.56,18,9,-0,6,43,1,1000,100,38,37,3,
539.52,18,8,-0,6,66,0,1000,100,36,37,3,
540.48,18,7,-0,7,50,4,1000,100,37,37,3,
541.44,18,6,-0,7,68,2,1000,100,42,37,3,
542.4,18,5,-0,6,76,5,1000,100,36,37,3,
543.36,18,4,-0,6,72,1,1000,100,40,37,2,
544.32,18,3,-0,3,63,9,1000,100,37,37,2,
545.28,18,2,-0,4,68,4,1000,100,42,37,2,
546.24,18,1,-0,6,65,0,1000,100,40,37,2,
547.2,18,1,-0,3,49,9,1000,100,38,37,2,
548.16,18,0,-0,3,69,8,1000,100,40,37,2,
549.12,17,9,-0,3,61,4,1000,100,40,37,2,
550.08,17,8,-0,2,45,5,1000,100,37,37,2,
551.04,17,7,-0,1,77,6,1000,100,41,37,2,
552,17,7,0,3,70,2,1000,100,38,37,2,
552.96,17,5,0,3,62,1,1000,100,39,37,2,
553.92,17,5,0,3,58,9,1000,100,39,37,1,
554.88,17,4,0,2,83,0,1000,100,38,37,1,
555.84,17,3,0,1,68,5,1000,100,38,37,1,
556.8,17,1,0,2,43,1,1000,100,37,37,1,
557.76,17,0,0,4,68,7,1000,100,40,37,1,
558.72,16,9,0,4,66,8,1000,100,40,37,1,
559.68,16,9,0,5,65,9,1000,100,41,37,1,
560.64,16,8,0,4,61,8,1000,100,39,37,0,
561.6,16,7,0,4,76,5,1000,100,39,37,0,
562.56,16,6,0,4,75,2,1000,100,38,37,0,
563.52,16,5,0,4,59,6,1000,100,40,37,0,
564.48,16,5,0,5,40,0,1000,100,36,37,0,
565.44,16,4,0,3,59,0,1000,100,37,37,0,
566.4,16,3,0,3,71,5,1000,100,35,37,0,
567.36,16,3,0,3,75,2,1000,100,41,37,0,
568.32,16,2,0,4,78,8,1000,100,38,36,9,
569.28,16,2,0,2,70,8,1000,100,37,36,9,
570.24,16,1,0,2,40,0,1000,100,39,36,9,
571.2,16,0,0,1,70,4,1000,100,39,36,9,
572.16,16,0,0,2,70,5,1000,100,40,36,8,
573.12,15,9,0,2,42,8,1000,100,40,36,8,
574.08,15,9,0,3,78,6,1000,100,38,36,8,
575.04,15,8,0,3,69,4,1000,100,39,36,8,
576,15,7,0,2,40,0,1000,100,41,36,8,
576.96,15,7,0,4,61,5,1000,100,38,36,8,
577.92,15,6,0,4,64,3,1000,100,37,36,8,
578.88,15,6,0,4,62,4,1000,100,38,36,8,
579.84,15,5,0,5,46,7,1000,100,36,36,8,
580.8,15,5,0,3,58,5,1000,100,38,36,8,
581.76,15,4,0,3,66,4,1000,100,38,36,8,
582.72,15,4,0,4,44,3,523,100,40,36,8,
583.68,15,3,-0,5,77,0,530,100,38,36,8,
584.64,15,3,-0,4,40,0,850,100,38,36,7,
585.6,15,2,-0,3,67,2,866,100,40,36,7,
586.56,15,1,-0,4,51,5,295,100,40,36,7,
587.52,15,1,-0,3,56,2,177,100,39,36,6,
588.48,15,1,-0,3,43,7,152,100,37,36,6,
589.44,15,0,-0,3,50,5,141,100,41,36,6,
590.4,15,0,-0,3,59,4,132,100,36,36,6,
591.36,15,0,-0,3,67,5,121,100,38,36,7,
592.32,14,9,-0,3,68,7,136,100,39,36,7,
593.28,14,9,-0,3,52,5,599,100,38,36,7,
594.24,14,9,-0,3,41,6,861,100,36,36,6,
595.2,14,8,-0,3,40,0,904,100,37,36,6,
596.16,14,8,-0,3,58,4,914,100,40,36,5,
597.12,14,8,-0,3,40,0,969,100,38,36,5,
598.08,14,7,-0,3,79,2,949,100,39,36,4,
599.04,14,7,-0,3,68,3,485,100,37,36,4,
600,14,7,-0,3,40,0,483,100,39,36,4,
600.96,14,6,-0,3,41,2,413,100,42,36,4,
601.92,14,6,-0,3,65,6,292,100,37,36,4,
602.88,14,6,-0,3,67,5,808,100,38,36,3,
603.84,14,6,-0,3,57,3,409,100,39,36,3,
604.8,14,5,-0,3,73,2,533,100,36,36,3,
605.76,14,5,-0,3,63,6,603,100,40,36,3,
606.72,14,5,-0,3,61,0,656,100,36,36,3,
607.68,14,5,-0,3,55,8,534,100,37,36,2,
608.64,14,5,-0,3,47,6,551,100,39,36,3,
609.6,14,4,-0,3,59,9,527,100,37,36,1,
610.56,14,4,-0,3,69,9,771,100,39,35,3,
611.52,14,4,-0,3,76,4,625,100,37,35,2,
612.48,14,3,-0,3,65,6,814,100,36,35,2,
613.44,14,3,-0,3,68,1,852,100,40,35,3,
614.4,14,3,-0,3,43,5,526,100,39,35,5,
615.36,14,3,-0,3,56,2,473,100,37,35,4,
616.32,14,3,-0,3,73,7,408,100,38,35,2,
617.28,14,3,-0,3,64,5,924,100,40,35,0,
618.24,14,2,-0,3,42,6,1000,100,39,34,8,
619.2,14,2,-0,3,66,3,1000,100,37,34,7,
620.16,14,2,-0,3,59,8,1000,100,39,34,6,
621.12,14,2,-0,3,72,2,1000,100,41,34,6,
622.08,14,2,-0,3,57,0,1000,100,40,34,6,
623.04,14,1,-0,3,56,6,1000,100,39,34,7,
624,14,1,-0,3,70,3,1000,100,41,34,7,
624.96,14,1,-0,3,40,0,1000,100,36,34,7,
625.92,14,1,-0,3,62,3,977,100,41,34,8,
626.88,14,1,-0,3,74,8,719,100,35,34,7,
627.84,14,1,-0,3,44,2,939,100,40,34,7,
628.8,14,0,-0,3,49,9,951,100,39,34,6,
629.76,14,0,-0,3,64,3,693,100,38,34,5,
630.72,14,0,-0,3,62,9,604,100,39,34,5,
631.68,14,0,-0,3,75,2,684,100,38,34,5,
632.64,14,0,-0,3,71,0,835,100,38,34,6,
633.6,14,0,-0,3,40,0,735,100,38,34,6,
634.56,13,9,-0,3,40,0,511,100,37,34,7,
635.52,13,9,-0,2,40,0,870,100,41,34,8,
636.48,13,9,-0,7,44,8,954,100,41,34,8,
637.44,13,9,-0,9,52,9,968,100,38,34,9,
638.4,13,9,-1,1,46,7,971,100,39,34,9,
639.36,13,9,-0,9,43,5,970,100,38,34,9,
640.32,13,9,-1,1,47,0,973,100,37,35,0,
641.28,13,9,-1,3,58,4,970,100,39,35,0,
642.24,13,8,-1,0,40,0,1000,100,39,35,1,
643.2,13,8,-1,2,40,0,1000,100,39,35,1,
644.16,13,8,-0,9,46,1,1000,100,39,35,1,
645.12,13,8,-0,1,42,4,1000,100,37,35,1,
646.08,13,8,0,1,65,4,1000,100,39,35,1,
647.04,13,8,-0,2,40,0,1000,100,39,35,1,
648,13,8,-0,1,40,0,1000,100,39,35,2,
648.96,13,8,-0,3,40,0,1000,100,40,35,2,
649.92,13,8,-0,3,40,0,1000,100,40,35,3,
650.88,13,8,-0,3,40,0,1000,100,37,35,3,
651.84,13,7,-0,3,40,0,1000,100,39,35,3,
652.8,13,7,-0,3,40,0,1000,100,41,35,3,
653.76,13,7,-0,4,40,0,1000,100,36,35,3,
654.72,13,7,-0,3,40,0,1000,100,37,35,3,
655.68,13,7,-0,3,40,0,1000,100,39,35,3,
656.64,13,7,-0,4,50,8,1000,100,39,35,3,
657.6,13,7,0,2,47,3,1000,100,35,35,2,
658.56,13,7,0,3,40,0,1000,100,39,35,2,
659.52,13,7,0,3,40,0,1000,100,42,35,2,
660.48,13,7,0,4,52,8,1000,100,38,35,2,
661.44,13,7,0,4,60,7,1000,100,40,35,2,
662.4,13,7,0,4,40,0,1000,100,37,35,2,
663.36,13,7,0,4,40,0,1000,100,41,35,2,
664.32,13,7,0,4,67,2,1000,100,37,35,2,
665.28,13,7,0,4,55,7,1000,100,38,35,2,
666.24,13,7,0,4,54,3,1000,100,38,35,2,
667.2,13,7,-0,3,47,5,1000,100,38,35,2,
668.16,13,7,-0,3,57,1,1000,100,41,35,2,
669.12,13,7,-0,4,42,4,1000,100,40,35,2,
670.08,13,7,-0,4,43,2,1000,100,37,35,2,
671.04,13,7,-0,5,43,8,1000,100,37,35,3,
672,13,7,-0,4,54,9,1000,100,39,35,3,
672.96,13,6,-0,5,68,7,1000,100,36,35,3,
673.92,13,6,-0,5,40,0,1000,100,39,35,3,
674.88,13,6,-0,5,40,0,1000,100,39,35,3,
675.84,13,5,-0,6,44,6,1000,100,36,35,3,
676.8,13,5,-0,4,40,0,1000,100,42,35,3,
677.76,13,5,-0,4,40,0,1000,100,39,35,3,
678.72,13,5,-0,4,40,0,1000,100,42,35,3,
679.68,13,4,-0,4,40,0,986,100,39,35,3,
680.64,13,4,-0,4,40,0,985,100,38,35,2,
681.6,13,4,-0,5,40,0,1000,100,37,35,2,
682.56,13,3,-0,4,40,0,1000,100,39,35,2,
683.52,13,3,-0,4,40,0,1000,100,39,35,2,
684.48,13,3,-0,5,40,0,1000,100,40,35,2,
685.44,13,3,-0,4,40,0,1000,100,38,35,2,
686.4,13,3,-0,5,56,7,1000,100,38,35,2,
687.36,13,2,-0,5,40,0,1000,100,40,35,2,
688.32,13,2,-0,5,40,0,1000,100,39,35,2,
689.28,13,2,-0,5,40,0,1000,100,35,35,2,
690.24,13,1,-0,5,40,0,1000,100,37,35,3,
691.2,13,1,-0,5,71,0,1000,100,35,35,3,
692.16,13,1,-0,5,40,0,1000,100,34,35,3,
693.12,13,1,-0,5,40,0,1000,100,43,35,3,
694.08,13,1,-0,5,40,0,1000,100,39,35,3,
695.04,13,1,-0,5,40,0,1000,100,40,35,3,
696,13,0,-0,5,40,0,1000,100,40,35,3,
696.96,13,0,0,0,63,1,1000,100,39,35,3,
697.92,13,0,0,0,66,1,1000,100,39,35,3,
698.88,13,0,-0,3,63,7,1000,100,40,35,3,
699.84,13,0,-0,3,62,4,1000,100,40,35,2,
700.8,13,0,-0,3,52,4,1000,100,40,35,2,
701.76,12,9,-0,3,40,0,1000,100,40,35,2,
702.72,12,9,-0,3,40,0,1000,100,40,35,2,
703.68,12,9,-0,3,52,3,1000,100,38,35,2,
704.64,12,9,-0,3,69,0,1000,100,38,35,2,
705.6,12,9,-0,3,73,8,1000,100,41,35,2,
706.56,12,9,-0,3,69,7,1000,100,41,35,2,
707.52,12,9,-0,3,58,9,1000,100,38,35,2,
708.48,12,8,-0,3,53,7,1000,100,40,35,2,
709.44,12,8,-0,3,40,0,1000,100,39,35,2,
710.4,12,8,-0,3,40,0,1000,100,38,35,2,
711.36,12,8,-0,3,40,0,1000,100,38,35,2,
712.32,12,8,-0,3,40,0,1000,100,35,35,1,
713.28,12,8,-0,3,40,0,1000,100,39,35,1,
714.24,12,8,-0,3,40,0,1000,100,39,35,1,
715.2,12,8,-0,3,41,1,1000,100,39,35,1,
716.16,12,8,-0,3,40,0,1000,100,38,35,2,
717.12,12,8,-0,3,40,0,1000,100,34,35,2,
718.08,12,8,-0,3,45,6,1000,100,39,35,2,
719.04,12,8,-0,3,40,0,1000,100,39,35,2,
720,12,8,-0,3,68,9,1000,100,38,35,2,
720.96,12,7,-0,3,73,6,1000,100,39,35,2,
721.92,12,7,-0,4,70,6,1000,100,37,35,2,
722.88,12,7,-0,3,40,0,1000,100,37,35,2,
723.84,12,7,-0,3,40,0,1000,100,36,35,2,
724.8,12,7,-0,3,40,0,1000,100,38,35,2,
725.76,12,7,-0,4,49,7,1000,100,42,35,2,
726.72,12,7,-0,3,45,2,1000,100,37,35,2,
727.68,12,7,-0,3,50,7,1000,100,40,35,2,
728.64,12,7,-0,4,68,2,1000,100,38,35,2,
729.6,12,7,-0,4,55,9,1000,100,40,35,2,
730.56,12,7,-0,4,52,3,1000,100,40,35,0,
731.52,12,7,-0,4,65,8,1000,100,38,35,0,
